{
  "basic_stats": {
    "value": {
      "count": 100.0,
      "mean": 4.31997000466,
      "std": 1.8130633409308134,
      "min": 1.547999978,
      "25%": 2.532000065,
      "50%": 4.2209999565,
      "75%": 5.926499963,
      "max": 7.597000122,
      "skewness": 0.09250611553899897,
      "kurtosis": -1.4268814519710877
    }
  },
  "trend_analysis": {
    "has_trend": true,
    "trend_direction": "increasing",
    "trend_strength": 0.02161658017052031,
    "slope": 0.03919222906346233,
    "intercept": 2.379954666018615
  },
  "seasonality_analysis": {
    "has_seasonality": true,
    "seasonal_period": 49,
    "seasonal_strength": 0.33817430097159734
  },
  "stationarity_result": {
    "is_stationary": false,
    "p_value": 0.3950010437896538,
    "test_statistic": -1.770901323853243,
    "critical_values": {
      "1%": -3.498198082189098,
      "5%": -2.891208211860468,
      "10%": -2.5825959973472097
    }
  },
  "data_characteristics": {
    "length": 100,
    "has_trend": true,
    "has_seasonality": true,
    "is_stationary": false,
    "trend_direction": "increasing",
    "seasonal_period": 49
  }
}