{
  "individual_predictions": {
    "LSTM": [
      3.9464566763911013,
      3.880104774560853,
      3.392254564249183,
      4.303812018352556,
      2.6284632032028243,
      3.9240834116578274,
      3.905989210859961,
      3.3152656932513396,
      3.458714920010416,
      3.9638739225216137,
      4.47755340200207,
      3.9894444517170102,
      4.3298526324047,
      4.450471449292414,
      4.2251360259534705,
      3.995289744531221,
      4.191352299303767,
      4.393209816535626,
      4.612269517853336,
      4.648830403039945
    ],
    "RandomForest": [
      3.5511770825971243,
      4.158474146578069,
      4.008280101841428,
      3.8840077405200852,
      4.145584450809488,
      3.9654706625995595,
      4.236998507359975,
      4.40546231381409,
      3.989192865472032,
      4.657952582586389,
      3.811113236217692,
      3.6444018947345844,
      3.598129042529811,
      4.109145054174965,
      3.7832444922978192,
      4.286536615804807,
      3.6954871195150907,
      4.211684112131063,
      4.912201491076338,
      4.20230088190049
    ],
    "ExponentialSmoothing": [
      3.583505741109352,
      3.2561516700613127,
      3.7980070359679026,
      3.7163840419440928,
      3.96985912746745,
      3.8715256074585342,
      3.599007064529883,
      3.238080043154845,
      4.2911330560309064,
      3.622571641870026,
      3.9651045537410394,
      3.6573711924668326,
      4.117703361082884,
      3.3637819992511733,
      4.336825638978131,
      4.157398969699286,
      3.7826235410186237,
      4.552112369492855,
      4.019685261281704,
      4.786773893568697
    ]
  },
  "ensemble_predictions": [
    3.6937131666991925,
    3.7649101970667442,
    3.7328472340195042,
    3.9680679336055777,
    3.581302260493254,
    3.9203598939053066,
    3.913998260916607,
    3.652936016740092,
    3.913013613837785,
    4.081466048992676,
    4.084590397320267,
    3.763739179639476,
    4.015228345339132,
    3.9744661675728508,
    4.115068719076473,
    4.146408443345105,
    3.8898209866124938,
    4.385668766053182,
    4.514718756737126,
    4.545968392836378
  ],
  "horizon": 20
}