{
  "ensemble": {
    "mse": 2.667317664350409,
    "mae": 1.3770374282694373,
    "mape": 24.53891867885501
  },
  "individual": {
    "LSTM": {
      "mse": 2.552571421457364,
      "mae": 1.3370814970063276,
      "mape": 24.032472716589446
    },
    "RandomForest": {
      "mse": 2.866347816539421,
      "mae": 1.4062201931965208,
      "mape": 25.51596321179288
    },
    "ExponentialSmoothing": {
      "mse": 2.907274059089027,
      "mae": 1.445936262993156,
      "mape": 25.71652982008905
    }
  }
}