{
  "individual_predictions": {
    "LSTM": [
      5.104294802826813,
      6.0687791578543,
      5.952226630894458,
      5.535659182589328,
      5.888464774777838,
      4.861974261850577,
      5.512646653130967,
      5.560939981111927,
      5.45189357406695,
      4.897980089189683,
      7.402272189620177,
      6.14078543112652,
      6.048326519984232,
      6.496615861441333,
      6.66415660515007,
      6.424855357963088,
      5.303503157543143,
      6.052780956302673,
      6.1683394067348445,
      5.722886100826151
    ],
    "RandomForest": [
      4.950451168592211,
      5.313879763022776,
      5.981764427141407,
      5.211712471243659,
      5.995398501215605,
      5.326429974378812,
      4.694014148902023,
      5.3068815715314654,
      6.153956192804303,
      5.821050327393744,
      6.684301489109647,
      6.187687809656164,
      5.756170040758696,
      5.55834768175982,
      6.303471989449455,
      5.695439981243576,
      6.06697682793442,
      6.242412280694168,
      6.262803534484312,
      6.824509685144366
    ],
    "ExponentialSmoothing": [
      6.0124233950543,
      5.816930820510476,
      5.628433128950513,
      5.333668317530787,
      6.225533260666661,
      4.40796738884905,
      4.688526270671428,
      5.370510415816751,
      5.366194538641982,
      4.532738569295692,
      5.7522186074755135,
      5.539139185243155,
      6.244112135026238,
      6.085492078216909,
      6.4005073213728405,
      7.198677670474909,
      6.239118550533709,
      6.026874385970875,
      6.010664350470854,
      6.995054210259948
    ]
  },
  "ensemble_predictions": [
    5.355723122157774,
    5.733196580462518,
    5.8541413956621255,
    5.360346657121258,
    6.036465512220034,
    4.865457208359479,
    4.965062357568139,
    5.412777322820048,
    5.657348101837744,
    5.083922995293039,
    6.612930762068445,
    5.95587080867528,
    6.016202898589722,
    6.046818540472688,
    6.456045305324122,
    6.439657669893857,
    5.869866178670423,
    6.107355874322572,
    6.147269097230004,
    6.5141499987434885
  ],
  "horizon": 20
}