{
  "ensemble": {
    "mse": 2.911352365976742,
    "mae": 1.487730368424638,
    "mape": 37.503172812663834
  },
  "individual": {
    "LSTM": {
      "mse": 3.1874055928412934,
      "mae": 1.5503395230165722,
      "mape": 38.92654795344381
    },
    "RandomForest": {
      "mse": 2.890904710146496,
      "mae": 1.5196378450138102,
      "mape": 37.89186966009142
    },
    "ExponentialSmoothing": {
      "mse": 3.0661986617806627,
      "mae": 1.4569391791016293,
      "mape": 36.883121765976234
    }
  }
}