{
  "basic_stats": {
    "value": {
      "count": 100.0,
      "mean": 24.3245899773,
      "std": 4.219443232797741,
      "min": 17.30500031,
      "25%": 20.73450041,
      "50%": 24.199500085,
      "75%": 27.8045005825,
      "max": 33.13299942,
      "skewness": 0.20451014547846133,
      "kurtosis": -1.1213238630531628
    }
  },
  "trend_analysis": {
    "has_trend": 