{
  "basic_stats": {
    "value": {
      "count": 100.0,
      "mean": 24.3245899773,
      "std": 4.219443232797741,
      "min": 17.30500031,
      "25%": 20.73450041,
      "50%": 24.199500085,
      "75%": 27.8045005825,
      "max": 33.13299942,
      "skewness": 0.20451014547846133,
      "kurtosis": -1.1213238630531628
    }
  },
  "trend_analysis": {
    "has_trend": true,
    "trend_direction": "increasing",
    "trend_strength": 0.02016151193650344,
    "slope": 0.08507035510345032,
    "intercept": 20.11360739967921
  },
  "seasonality_analysis": {
    "has_seasonality": true,
    "seasonal_period": 42,
    "seasonal_strength": 0.3640341543331809
  },
  "stationarity_result": {
    "is_stationary": true,
    "p_value": 0.04329339399783452,
    "test_statistic": -2.918010110132345,
    "critical_values": {
      "1%": -3.498198082189098,
      "5%": -2.891208211860468,
      "10%": -2.5825959973472097
    }
  },
  "data_characteristics": {
    "length": 100,
    "has_trend": true,
    "has_seasonality": true,
    "is_stationary": true,
    "trend_direction": "increasing",
    "seasonal_period": 42
  }
}