{
  "individual_predictions": {
    "LSTM": [
      29.07020657900334,
      26.02124011724079,
      31.617052441847143,
      31.984184451457985,
      31.200777153538795,
      27.21017008450327,
      28.170050089428997,
      30.70623246954955,
      27.516428857331928,
      33.01256133059712,
      33.635746060073025,
      34.81774967422276,
      30.58563043632099,
      30.724910258517745,
      32.31431446780753,
      36.54037220709933,
      30.955469713858477,
      32.30886887743982,
      34.60515218989466,
      33.121473704071356
    ],
    "RandomForest": [
      26.475533222311473,
      30.803820110546848,
      29.641731212904478,
      26.909792091348983,
      27.86459718029814,
      27.43068757761051,
      27.407096935904182,
      28.78461602945529,
      36.10908674498533,
      33.00374697381835,
      33.14914243697077,
      29.224790762516573,
      32.15344660043187,
      31.720872514284746,
      36.17103057219632,
      33.48978042263517,
      33.23097030448622,
      33.07666440508882,
      32.23779564705353,
      34.979588022425645
    ],
    "ExponentialSmoothing": [
      25.219256809670952,
      30.57573789313339,
      24.72996830802382,
      28.4132325121658,
      33.68352144877081,
      26.411826567223212,
      30.65652082419456,
      32.142954894825586,
      31.1540642230166,
      34.344240866313505,
      28.711635344418827,
      31.423831295904975,
      37.60250198611331,
      24.762121967060587,
      31.306260138756777,
      28.464089777993028,
      36.94386349135853,
      37.7460471933005,
      30.487963268847196,
      36.0388251451566
    ]
  },
  "ensemble_predictions": [
    26.921665536995253,
    29.13359937364034,
    28.662917320925146,
    29.102403018324253,
    30.916298594202583,
    27.017561409778995,
    28.744555949842578,
    30.544601131276806,
    31.59319327511129,
    33.45351639024299,
    31.83217461382087,
    31.822123910881434,
    33.447193007622054,
    29.069301579954356,
    33.26386839292021,
    32.83141413590918,
    33.71010116990107,
    34.377193491943046,
    32.44363703526513,
    34.713295623884534
  ],
  "horizon": 20
}