{
  "individual_predictions": {
    "LSTM": [
      27.910905212860744,
      34.6727712387376,
      28.488207160595856,
      29.920058969129325,
      30.32857910756378,
      30.304998330856268,
      29.623801412164838,
      37.651466441403386,
      31.297491968387924,
      35.5147147035623,
      31.515534197305136,
      37.23169856358385,
      36.45378851291064,
      35.58052906505692,
      34.66327739175252,
      34.823018966287606,
      34.669334293575695,
      34.73868024726661,
      33.33706339819583,
      30.932163811723235
    ],
    "RandomForest": [
      26.861570278200993,
      26.861283797459997,
      26.59911775377988,
      25.948442860645706,
      35.7483580818548,
      25.704067686800464,
      34.05867341399587,
      27.08914488751224,
      33.621197145547455,
      31.641578137256612,
      29.162714628962906,
      29.63957609987451,
      30.718118951138802,
      30.18694257460467,
      37.142741315959796,
      31.968795694301402,
      32.88438466173004,
      32.22367650538439,
      36.043972989109314,
      34.599131029039796
    ],
    "ExponentialSmoothing": [
      34.196149181967634,
      30.818720417663283,
      28.07880692969724,
      26.65620510712429,
      34.87243492517679,
      30.802880025278583,
      34.567422933078475,
      33.33980623802944,
      33.020067573893805,
      29.72346601685643,
      33.42275227774598,
      31.246014082377215,
      31.076382954092356,
      29.828341713172108,
      35.118256696722554,
      35.922053824936675,
      27.548684587154757,
      34.274484564195674,
      36.43680687205772,
      37.13126281221005
    ]
  },
  "ensemble_predictions": [
    29.65620822434313,
    30.784258484620295,
    27.722043948024325,
    27.508235645633107,
    33.649790704865126,
    28.937315347645107,
    32.749965919746394,
    32.69347252231503,
    32.6462522292764,
    32.29325295255845,
    31.36700036800467,
    32.70576291527853,
    32.7494301393806,
    31.865271117611233,
    35.64142513481163,
    34.2379561618419,
    31.70080118082016,
    33.745613772282226,
    35.27261441978762,
    34.220852550991026
  ],
  "horizon": 20
}