{
  "ensemble": {
    "mse": 10.649947780564906,
    "mae": 2.6905965127294884,
    "mape": 8.997431671635479
  },
  "individual": {
    "LSTM": {
      "mse": 16.072905817819265,
      "mae": 3.4128572935853008,
      "mape": 11.285935063250445
    },
    "RandomForest": {
      "mse": 17.347199795193085,
      "mae": 3.557898007156255,
      "mape": 11.754662168520177
    },
    "ExponentialSmoothing": {
      "mse": 15.914203081025647,
      "mae": 3.4699860162811498,
      "mape": 11.460695490375231
    }
  }
}