{
  "ensemble": {
    "mse": 10.713923647672269,
    "mae": 2.8752204515483326,
    "mape": 9.533059654207495
  },
  "individual": {
    "LSTM": {
      "mse": 10.256622005624639,
      "mae": 2.5873835026632,
      "mape": 8.531627603251854
    },
    "RandomForest": {
      "mse": 16.058973699129705,
      "mae": 3.2738359121455405,
      "mape": 11.006464234789771
    },
    "ExponentialSmoothing": {
      "mse": 21.300391361555857,
      "mae": 3.798911909163613,
      "mape": 12.402059628310171
    }
  }
}