{
  "individual_predictions": {
    "ExponentialSmoothing": [
      19.154019096805854,
      20.039189193972547,
      16.545991376466265,
      19.57504852309327,
      21.053601336740524,
      18.693161957080314,
      21.299607369892453,
      20.99819267996245,
      22.787148627674963,
      17.74387206843824,
      23.22142929648877,
      18.536597872773754,
      21.338610441935007,
      22.67537495687784,
      25.62969467913404,
      22.084700512021275,
      22.928783661157553,
      22.638195332061308,
      24.16644778675179,
      20.51647561520294
    ],
    "ARMA": [
      15.218337099997388,
      18.430021910985317,
      19.414416897502008,
      18.16481852146295,
      22.7257962079258,
      21.376289752501258,
      18.559700476147526,
      20.932057652671034,
      19.40659374621942,
      22.05216511215085,
      22.82325668344532,
      20.93326217171067,
      22.64621024132033,
      20.74282631442794,
      22.585618915192217,
      17.860289930769696,
      22.509210675973936,
      23.06049121700819,
      22.54680952623723,
      23.164350949542737
    ],
    "LSTM": [
      18.21699491487865,
      16.44106852233733,
      24.135504997428534,
      21.262199375594086,
      19.179467647224577,
      19.958137852848704,
      21.272260378572685,
      22.517415859648313,
      20.857120277705288,
      20.591297678147185,
      22.294047882472682,
      23.081014600243567,
      23.73684485857065,
      21.122641611410675,
      22.04538175975269,
      24.665584496533654,
      20.01657487115108,
      24.902672201654024,
      27.276143309897474,
      20.784481479816577
    ]
  },
  "ensemble_predictions": [
    17.529783703893965,
    18.303426542431733,
    20.0319710904656,
    19.667355473383434,
    20.986288397296967,
    20.009196520810093,
    20.37718940820422,
    21.482555397427266,
    21.016954217199892,
    20.129111619578758,
    22.77957795413559,
    20.850291548242662,
    22.573888513941995,
    21.513614294238817,
    23.420231784692984,
    21.53685831310821,
    21.818189736094187,
    23.533786250241175,
    24.663133540962164,
    21.488436014854084
  ],
  "horizon": 20
}