{
  "ensemble": {
    "mse": 18.427276011573703,
    "mae": 3.6304155016688617,
    "mape": 20.276535623694713
  },
  "individual": {
    "ExponentialSmoothing": {
      "mse": 20.94760173210915,
      "mae": 3.848979064703991,
      "mape": 21.281565884417475
    },
    "ARMA": {
      "mse": 18.083791635827765,
      "mae": 3.6936231936183197,
      "mape": 20.29527288106972
    },
    "LSTM": {
      "mse": 23.822009148099898,
      "mae": 3.9576300186488176,
      "mape": 22.16636082588076
    }
  }
}