{
  "individual_predictions": {
    "LSTM": [
      9.70567075536475,
      7.65007728950513,
      10.838007629454841,
      10.553241756880846,
      10.735515452446059,
      10.151948840969093,
      9.09093466988079,
      9.186334489317325,
      9.85917144154787,
      12.44598874245518,
      9.935987158091447,
      10.908913415520903,
      13.467220969817571,
      11.881237179464343,
      10.750678694206464,
      10.708666188724967,
      10.61140765147131,
      12.040163068783892,
      12.315017290955364,
      12.218571920386212
    ],
    "RandomForest": [
      11.06758125191648,
      8.551520778281578,
      8.40464336605798,
      12.17397785371451,
      11.001647602499567,
      11.382716959683767,
      9.465395431266614,
      10.598266273554152,
      11.219734369621927,
      10.101547194258533,
      10.398941895241965,
      10.247377466697603,
      11.595589159877408,
      10.576713726661913,
      10.704229109160584,
      10.763999821990247,
      10.571286898201405,
      12.84325416886668,
      11.055800049108068,
      13.07946969173516
    ],
    "ExponentialSmoothing": [
      9.927652629036759,
      10.126645902993282,
      9.554976886478723,
      10.515917928361175,
      13.184444961640578,
      11.613029985766746,
      11.62410568476952,
      11.202287288946847,
      10.361042044154033,
      10.610295499109181,
      10.535083847097889,
      13.236577267238713,
      11.70339284367274,
      11.541868221229324,
      12.154284223428034,
      10.029173686481993,
      12.15241179569584,
      12.527000700953314,
      12.166354187898243,
      11.498535748401501
    ]
  },
  "ensemble_predictions": [
    10.233634878772662,
    8.77608132359333,
    9.599209293997182,
    11.081045846318844,
    11.640536005528736,
    11.049231928806535,
    10.060145261972307,
    10.328962683939443,
    10.479982618441277,
    11.052610478607633,
    10.290004300143766,
    11.464289383152407,
    12.255400991122572,
    11.333273042451859,
    11.203064008931696,
    10.50061323239907,
    11.111702115122853,
    12.470139312867962,
    11.845723842653891,
    12.265525786840959
  ],
  "horizon": 20
}