{
  "ensemble": {
    "mse": 2.42648835535011,
    "mae": 1.3764297985741976,
    "mape": 14.430255310816573
  },
  "individual": {
    "LSTM": {
      "mse": 2.851833567914953,
      "mae": 1.3223030999418932,
      "mape": 13.887906722381299
    },
    "RandomForest": {
      "mse": 2.43359876878757,
      "mae": 1.3564682825358512,
      "mape": 14.170868749299181
    },
    "ExponentialSmoothing": {
      "mse": 3.882928036325578,
      "mae": 1.677056457469849,
      "mape": 17.6020969471956
    }
  }
}