{
  "basic_stats": {
    "value": {
      "count": 100.0,
      "mean": 18.538539943399996,
      "std": 3.3926759565344424,
      "min": 10.76299953,
      "25%": 15.70525026,
      "50%": 19.90800095,
      "75%": 20.980749605,
      "max": 23.1439991,
      "skewness": -0.6804047778339897,
      "kurtosis": -0.6675005148946846
    }
  },
  "trend_analysis": {
    "has_trend": true,
    "trend_direction": "decreasing",
    "trend_strength": 0.02564234972922223,
    "slope": -0.08699618339537973,
    "intercept": 22.844851021471293
  },
  "seasonality_analysis": {
    "has_seasonality": true,
    "seasonal_period": 30,
    "seasonal_strength": 0.1483125590884419
  },
  "stationarity_result": {
    "is_stationary": false,
    "p_value": 0.3997091003753486,
    "test_statistic": -1.7615539918419616,
    "critical_values": {
      "1%": -3.498198082189098,
      "5%": -2.891208211860468,
      "10%": -2.5825959973472097
    }
  },
  "data_characteristics": {
    "length": 100,
    "has_trend": true,
    "has_seasonality": true,
    "is_stationary": false,
    "trend_direction": "decreasing",
    "seasonal_period": 30
  }
}