{
  "individual_predictions": {
    "LSTM": [
      15.078513206639808,
      15.716759147782595,
      17.57965782830845,
      14.382420154888788,
      15.190864401224909,
      17.55747816963494,
      19.088178235080445,
      15.524566385529216,
      15.983241044444497,
      18.28317230446985,
      17.157107112676464,
      15.905879075495262,
      17.59955520936089,
      17.083835773598196,
      16.75699421690305,
      16.889074989067357,
      21.507770115108617,
      17.230275620969547,
      18.953072625615757,
      17.88348445959037
    ],
    "RandomForest": [
      20.103874230602887,
      16.245978567047846,
      14.596143171564018,
      16.2391767193009,
      20.10395593282668,
      17.643004081489984,
      15.380470373669896,
      16.563406441993312,
      18.462372188424183,
      15.83245338683576,
      16.071067760292305,
      17.95628102782615,
      22.832439971717207,
      16.12445082480753,
      14.747666353500726,
      17.81909001463114,
      17.788217579202843,
      20.746431850907864,
      19.55513047581006,
      21.743839092572365
    ],
    "ExponentialSmoothing": [
      14.583507384196404,
      16.398419916853694,
      18.425652503380594,
      16.473086437268343,
      15.05770537072759,
      14.01318605122488,
      20.522467849984597,
      15.781549497542677,
      15.959378821749695,
      16.837275115931188,
      17.892694483780858,
      17.2136302477444,
      17.337346293520966,
      15.901693853629181,
      18.83382516370057,
      18.075336616438204,
      21.14933866513259,
      18.26681229998823,
      15.966568040762136,
      20.6616227224208
    ]
  },
  "ensemble_predictions": [
    16.588631607146365,
    16.120385877228046,
    16.867151167751018,
    15.698227770486008,
    16.78417523492639,
    16.404556100783267,
    18.330372152911647,
    15.956507441688402,
    16.801664018206125,
    16.984300269078933,
    17.04028978558321,
    17.025263450355272,
    19.256447158199688,
    16.369993484011633,
    16.779495244701447,
    17.59450054004557,
    20.148442119814685,
    18.747839923955215,
    18.158257047395985,
    20.096315424861178
  ],
  "horizon": 20
}