{
  "ensemble": {
    "mse": 4.172181253867263,
    "mae": 1.5937663279704621,
    "mape": 10.061522518034796
  },
  "individual": {
    "LSTM": {
      "mse": 4.746519978755632,
      "mae": 1.7822327467129184,
      "mape": 11.170754853614975
    },
    "RandomForest": {
      "mse": 8.656361856697867,
      "mae": 2.2701789462428446,
      "mape": 14.192551529941868
    },
    "ExponentialSmoothing": {
      "mse": 6.105078670624112,
      "mae": 1.9660025604413078,
      "mape": 12.368788272008088
    }
  }
}