{
  "basic_stats": {
    "value": {
      "count": 100.0,
      "mean": 10.822190055600002,
      "std": 1.5621981920097119,
      "min": 7.315999985,
      "25%": 9.83124995225,
      "50%": 10.83300018,
      "75%": 11.6955003725,
      "max": 14.77299976,
      "skewness": -0.02817935105353374,
      "kurtosis": 0.007694159412795276
    }
  },
  "trend_analysis": {
    "has_trend": true,
    "trend_direction": "increasing",
    "trend_strength": 0.014498172216761604,
    "slope": 0.022649018424470414,
    "intercept": 9.701063643588716
  },
  "seasonality_analysis": {
    "has_seasonality": true,
    "seasonal_period": 24,
    "seasonal_strength": 0.6126183949596529
  },
  "stationarity_result": {
    "is_stationary": false,
    "p_value": 0.14987342448060698,
    "test_statistic": -2.3717349322579215,
    "critical_values": {
      "1%": -3.4989097606014496,
      "5%": -2.891516256916761,
      "10%": -2.5827604414827157
    }
  },
  "data_characteristics": {
    "length": 100,
    "has_trend": true,
    "has_seasonality": true,
    "is_stationary": false,
    "trend_direction": "increasing",
    "seasonal_period": 24
  }
}