{
  "individual_predictions": {
    "LSTM": [
      12.193512743430688,
      12.092458191222192,
      12.104035042199413,
      14.377252693407064,
      13.385045610358715,
      13.211593148794828,
      13.234487523970559,
      13.02814362735574,
      14.720926193078352,
      13.64776135386979,
      13.18158447228234,
      14.122257121692261,
      15.620520041708486,
      14.599004148173979,
      14.237414231742939,
      15.771037839647994,
      14.352182842424778,
      15.40994989788694,
      15.23600177498444,
      12.725016898369226
    ],
    "RandomForest": [
      12.38516096361411,
      12.125739233939308,
      11.098088075203371,
      12.794799172854187,
      11.844757734822238,
      13.504351581766874,
      14.183532372593447,
      12.764546211409238,
      14.08550240460822,
      13.800899318309488,
      13.687349120595568,
      12.99351025870255,
      13.798549946336813,
      15.183314400313995,
      11.937147292264006,
      12.723262529589233,
      14.213349808413884,
      13.156029761515946,
      11.725704838817315,
      15.662848242189684
    ],
    "ExponentialSmoothing": [
      11.327457935108345,
      11.641269564146041,
      11.452647273685423,
      15.949251596681995,
      12.612679140589245,
      14.653798773967695,
      11.958304482933002,
      14.977523253514597,
      12.364100240990757,
      13.88287760097229,
      14.66753537058627,
      16.59571702292723,
      14.37005848042976,
      13.808774315282546,
      13.989226808832823,
      15.394129981215482,
      13.83501614803111,
      15.020436984651075,
      13.381581055840442,
      15.05696552460275
    ]
  },
  "ensemble_predictions": [
    11.968710547384381,
    11.953155663102514,
    11.551590130362735,
    14.373767820981081,
    12.614160828590066,
    13.789914501509799,
    13.125441459832336,
    13.590071030759859,
    13.723509612892443,
    13.777179424383855,
    13.84548965448806,
    14.570494801107346,
    14.596376156158355,
    14.530364287923506,
    13.387929444279925,
    14.629476783484236,
    14.133516266289924,
    14.528805548017987,
    13.447762556547397,
    14.481610221720553
  ],
  "horizon": 20
}