{
  "ensemble": {
    "mse": 17.850733252764194,
    "mae": 3.808620751205855,
    "mape": 41.485730314035
  },
  "individual": {
    "LSTM": {
      "mse": 20.416795505541423,
      "mae": 3.9485087204448064,
      "mape": 43.43124758167624
    },
    "RandomForest": {
      "mse": 14.813579576958265,
      "mae": 3.3475233844172947,
      "mape": 36.552598011881784
    },
    "ExponentialSmoothing": {
      "mse": 20.841758034817083,
      "mae": 4.129830148755463,
      "mape": 44.473345348546985
    }
  }
}