{
  "individual_predictions": {
    "ExponentialSmoothing": [
      17.713919929372018,
      15.639790391949862,
      18.415510528539016,
      22.166466649586116,
      15.537858456361082,
      19.061414627774244,
      19.750853731985696,
      22.504216974026495,
      25.37061326313908,
      19.27039257248325,
      22.14622626667755,
      20.661943409564344,
      22.993191192852144,
      20.61109581489528,
      21.501605889922242,
      24.203942443069835,
      21.919764707377492,
      22.161406670775555,
      21.126047552818353,
      25.554047890489382
    ],
    "ARMA": [
      21.274077042948935,
      20.394294971027122,
      19.522538911540703,
      16.68922063557302,
      19.35098803903766,
      18.601806745901595,
      18.7887379842857,
      21.485472114571092,
      20.927748233073913,
      23.263510794494845,
      21.27229697574856,
      20.030539074362885,
      19.41431822298084,
      22.382539603586636,
      23.319677934941193,
      18.578732127474993,
      20.330412066528286,
      22.138486745593873,
      21.699141146348918,
      24.769315143030376
    ],
    "LSTM": [
      19.349509972287372,
      19.839123574352875,
      18.914309644417138,
      18.60009214965485,
      21.280512902709898,
      26.03751047830623,
      20.555500849921646,
      22.921260502428275,
      21.155839236183432,
      17.37033627632351,
      19.871465186546278,
      23.60524800519984,
      21.28863093675741,
      23.82292712834916,
      25.47794576775957,
      24.671168030690193,
      18.356881984389382,
      23.01136998863083,
      24.96568662285389,
      22.735849540010875
    ]
  },
  "ensemble_predictions": [
    19.445835648202777,
    18.624402979109952,
    18.950786361498952,
    19.151926478271328,
    18.723119799369545,
    21.233577283994023,
    19.698364188731016,
    22.303649863675286,
    22.484733577465477,
    19.968079881100536,
    21.096662809657463,
    21.432576829709024,
    21.232046784196797,
    22.27218751561036,
    23.433076530874335,
    22.484614200411674,
    20.20235291943172,
    22.437087801666753,
    22.59695844067372,
    24.353070857843544
  ],
  "horizon": 20
}