{
  "ensemble": {
    "mse": 9.801312921518662,
    "mae": 2.516308752892566,
    "mape": 10.387149525603567
  },
  "individual": {
    "ExponentialSmoothing": {
      "mse": 12.755603139316579,
      "mae": 2.9457708637091367,
      "mape": 12.553125226921807
    },
    "ARMA": {
      "mse": 12.993971411274378,
      "mae": 3.024192487601593,
      "mape": 12.690834272953989
    },
    "LSTM": {
      "mse": 13.309652572523394,
      "mae": 2.890750832935467,
      "mape": 11.943322879691882
    }
  }
}