{
  "individual_predictions": {
    "LSTM": [
      6.957003724221161,
      6.712737116080298,
      7.854290981913782,
      7.8282278634267435,
      8.200546901332423,
      8.914648119472101,
      8.363289000837183,
      9.329802807597625,
      9.241225710947482,
      7.25595209340016,
      8.967815687042238,
      8.727950468840447,
      7.751978219441276,
      8.309704924809193,
      9.102049913706338,
      9.353752365033442,
      9.367453267173808,
      9.508774550132452,
      8.49552876296722,
      10.77613003903775
    ],
    "RandomForest": [
      7.1190066158074155,
      8.485405835130036,
      6.938027976605643,
      8.257007284313906,
      8.870595735275728,
      7.798371376493852,
      8.001296824086586,
      8.50395236577321,
      8.649184437704955,
      6.442108319225258,
      8.42622979481745,
      8.473744545057707,
      8.691409453547429,
      9.84877872620391,
      8.552224416290404,
      8.604343546316889,
      8.989480227668539,
      10.367870662042092,
      8.94351273797056,
      9.48389291822361
    ],
    "ExponentialSmoothing": [
      8.345748615183771,
      9.122529866874617,
      6.975267387517518,
      7.800597867432337,
      7.7646218676168415,
      9.729613973616981,
      9.552045778118005,
      8.538398722552953,
      8.34583415871635,
      8.443196063719705,
      9.275573467504097,
      9.106862978413771,
      8.885113572883824,
      8.349966708305626,
      9.505727460904971,
      9.171328157659884,
      10.97919044523957,
      9.8265002139265,
      8.960113748853617,
      9.738664453538565
    ]
  },
  "ensemble_predictions": [
    7.473919651737449,
    8.10689093936165,
    7.255862115345647,
    7.961944338390995,
    8.278588168074998,
    8.814211156527644,
    8.638877201013925,
    8.790717965307929,
    8.74541476912293,
    7.380418825448374,
    8.889872983121263,
    8.769519330770642,
    8.442833748624176,
    8.83615011977291,
    9.053333930300571,
    9.043141356336738,
    9.778707980027304,
    9.901048475367014,
    8.799718416597132,
    9.99956247026664
  ],
  "horizon": 20
}