{
  "ensemble": {
    "mse": 5.412412249425187,
    "mae": 1.9127145725137435,
    "mape": 19.068347758253946
  },
  "individual": {
    "LSTM": {
      "mse": 5.678519384096939,
      "mae": 2.0126257706344446,
      "mape": 20.178188404684498
    },
    "RandomForest": {
      "mse": 6.127528556016425,
      "mae": 2.038331247083112,
      "mape": 20.091768480874165
    },
    "ExponentialSmoothing": {
      "mse": 5.377729362679066,
      "mae": 1.809751327675123,
      "mape": 18.27975736502166
    }
  }
}