{
  "individual_predictions": {
    "LSTM": [
      11.313066126513244,
      11.165761726513354,
      10.819031823461078,
      9.818416033217225,
      9.070442072664529,
      10.288315342044914,
      12.17035615118679,
      11.878243035096537,
      11.331866677108437,
      11.035089594455899,
      11.362574170857238,
      10.22856949711261,
      12.974172043839948,
      12.509799765667124,
      10.83419164200776,
      12.16150282184709,
      11.114148907536254,
      12.520117857349351,
      12.82540598727934,
      13.026272775892595
    ],
    "RandomForest": [
      11.161230112148528,
      11.29652144743517,
      10.80537925194029,
      13.992746334272532,
      7.821365655894759,
      11.750109103200208,
      11.14437071003505,
      11.779896677696529,
      10.76547034415326,
      11.790767597212668,
      12.280944649428475,
      12.455056466215245,
      12.794510162981386,
      11.548189052154294,
      12.165520228332637,
      12.216346778122173,
      12.343224478608322,
      11.198226027472026,
      13.742780263827065,
      12.53998375136738
    ],
    "ExponentialSmoothing": [
      10.007722685216299,
      10.80423296185093,
      11.524549533949179,
      12.558657479166294,
      11.111561464762278,
      11.257879691903494,
      11.963562552343436,
      10.923993913911422,
      13.21062961249568,
      11.763031571732036,
      12.383655521194262,
      12.3994394682954,
      11.1811873311959,
      13.585101397742024,
      10.93442929832139,
      12.490689755636275,
      12.722579894419606,
      11.451188460875604,
      10.55541555849901,
      12.284512620259898
    ]
  },
  "ensemble_predictions": [
    10.82733964129269,
    11.088838711933152,
    11.049653536450181,
    12.123273282218683,
    9.334456397773854,
    11.098768045716204,
    11.759429804521758,
    11.527377875568163,
    11.769322211252458,
    11.529629587800201,
    12.00905811382666,
    11.694355143874418,
    12.316623179339077,
    12.547696738521147,
    11.31138038955393,
    12.289513118535178,
    12.059984426854726,
    11.723177448565663,
    12.374533936535139,
    12.61692304917329
  ],
  "horizon": 20
}