{
  "ensemble": {
    "mse": 11.118302702441513,
    "mae": 2.7192782634370936,
    "mape": 21.84328055740352
  },
  "individual": {
    "LSTM": {
      "mse": 13.865676651556893,
      "mae": 3.071844399257183,
      "mape": 24.559972584359873
    },
    "RandomForest": {
      "mse": 12.58616353288858,
      "mae": 2.73548065388446,
      "mape": 22.38551829852195
    },
    "ExponentialSmoothing": {
      "mse": 8.853237148863055,
      "mae": 2.485947505704721,
      "mape": 19.690424049207312
    }
  }
}